title,text,subject,date
Government passes new education reform law,The government has officially passed a new education reform law aimed at improving access to quality education across the country.,politics,2024-01-01
Scientists discover new species in the Amazon,"Researchers have identified a previously unknown species in the Amazon rainforest, highlighting the region's biodiversity.",science,2024-01-02
Economic growth increases by 3 percent,Recent reports show that the country's economy has grown by 3 percent in the last quarter due to increased exports.,economy,2024-01-03
New technology improves renewable energy efficiency,Engineers have developed new technology that significantly improves the efficiency of solar panels.,technology,2024-01-04
Health officials announce vaccination success,Health authorities report a significant increase in vaccination rates leading to reduced infection cases.,health,2024-01-05
University researchers publish breakthrough study,A team of university researchers has published a groundbreaking study in the field of artificial intelligence.,education,2024-01-06
New infrastructure project launched in capital,The government has launched a major infrastructure project to improve transportation in the capital city.,politics,2024-01-07
Farmers report increased crop yields this season,Agricultural experts report higher crop yields due to improved farming techniques and favorable weather.,agriculture,2024-01-08
International agreement signed to combat climate change,Leaders from multiple countries have signed an agreement to reduce carbon emissions.,environment,2024-01-09
Medical team successfully performs complex surgery,"Doctors have successfully completed a complex surgical procedure, improving patient recovery outcomes.",health,2024-01-10
Government passes new education reform law,The government has officially passed a new education reform law aimed at improving access to quality education across the country.,politics,2024-01-01
Scientists discover new species in the Amazon,"Researchers have identified a previously unknown species in the Amazon rainforest, highlighting the region's biodiversity.",science,2024-01-02
Economic growth increases by 3 percent,Recent reports show that the country's economy has grown by 3 percent in the last quarter due to increased exports.,economy,2024-01-03
New technology improves renewable energy efficiency,Engineers have developed new technology that significantly improves the efficiency of solar panels.,technology,2024-01-04
Health officials announce vaccination success,Health authorities report a significant increase in vaccination rates leading to reduced infection cases.,health,2024-01-05
University researchers publish breakthrough study,A team of university researchers has published a groundbreaking study in the field of artificial intelligence.,education,2024-01-06
New infrastructure project launched in capital,The government has launched a major infrastructure project to improve transportation in the capital city.,politics,2024-01-07
Farmers report increased crop yields this season,Agricultural experts report higher crop yields due to improved farming techniques and favorable weather.,agriculture,2024-01-08
International agreement signed to combat climate change,Leaders from multiple countries have signed an agreement to reduce carbon emissions.,environment,2024-01-09
Medical team successfully performs complex surgery,"Doctors have successfully completed a complex surgical procedure, improving patient recovery outcomes.",health,2024-01-10
Government passes new education reform law,The government has officially passed a new education reform law aimed at improving access to quality education across the country.,politics,2024-01-01
Scientists discover new species in the Amazon,"Researchers have identified a previously unknown species in the Amazon rainforest, highlighting the region's biodiversity.",science,2024-01-02
Economic growth increases by 3 percent,Recent reports show that the country's economy has grown by 3 percent in the last quarter due to increased exports.,economy,2024-01-03
New technology improves renewable energy efficiency,Engineers have developed new technology that significantly improves the efficiency of solar panels.,technology,2024-01-04
Health officials announce vaccination success,Health authorities report a significant increase in vaccination rates leading to reduced infection cases.,health,2024-01-05
University researchers publish breakthrough study,A team of university researchers has published a groundbreaking study in the field of artificial intelligence.,education,2024-01-06
New infrastructure project launched in capital,The government has launched a major infrastructure project to improve transportation in the capital city.,politics,2024-01-07
Farmers report increased crop yields this season,Agricultural experts report higher crop yields due to improved farming techniques and favorable weather.,agriculture,2024-01-08
International agreement signed to combat climate change,Leaders from multiple countries have signed an agreement to reduce carbon emissions.,environment,2024-01-09
Medical team successfully performs complex surgery,"Doctors have successfully completed a complex surgical procedure, improving patient recovery outcomes.",health,2024-01-10
Government passes new education reform law,The government has officially passed a new education reform law aimed at improving access to quality education across the country.,politics,2024-01-01
Scientists discover new species in the Amazon,"Researchers have identified a previously unknown species in the Amazon rainforest, highlighting the region's biodiversity.",science,2024-01-02
Economic growth increases by 3 percent,Recent reports show that the country's economy has grown by 3 percent in the last quarter due to increased exports.,economy,2024-01-03
New technology improves renewable energy efficiency,Engineers have developed new technology that significantly improves the efficiency of solar panels.,technology,2024-01-04
Health officials announce vaccination success,Health authorities report a significant increase in vaccination rates leading to reduced infection cases.,health,2024-01-05
University researchers publish breakthrough study,A team of university researchers has published a groundbreaking study in the field of artificial intelligence.,education,2024-01-06
New infrastructure project launched in capital,The government has launched a major infrastructure project to improve transportation in the capital city.,politics,2024-01-07
Farmers report increased crop yields this season,Agricultural experts report higher crop yields due to improved farming techniques and favorable weather.,agriculture,2024-01-08
International agreement signed to combat climate change,Leaders from multiple countries have signed an agreement to reduce carbon emissions.,environment,2024-01-09
Medical team successfully performs complex surgery,"Doctors have successfully completed a complex surgical procedure, improving patient recovery outcomes.",health,2024-01-10
Government passes new education reform law,The government has officially passed a new education reform law aimed at improving access to quality education across the country.,politics,2024-01-01
Scientists discover new species in the Amazon,"Researchers have identified a previously unknown species in the Amazon rainforest, highlighting the region's biodiversity.",science,2024-01-02
Economic growth increases by 3 percent,Recent reports show that the country's economy has grown by 3 percent in the last quarter due to increased exports.,economy,2024-01-03
New technology improves renewable energy efficiency,Engineers have developed new technology that significantly improves the efficiency of solar panels.,technology,2024-01-04
Health officials announce vaccination success,Health authorities report a significant increase in vaccination rates leading to reduced infection cases.,health,2024-01-05
University researchers publish breakthrough study,A team of university researchers has published a groundbreaking study in the field of artificial intelligence.,education,2024-01-06
New infrastructure project launched in capital,The government has launched a major infrastructure project to improve transportation in the capital city.,politics,2024-01-07
Farmers report increased crop yields this season,Agricultural experts report higher crop yields due to improved farming techniques and favorable weather.,agriculture,2024-01-08
International agreement signed to combat climate change,Leaders from multiple countries have signed an agreement to reduce carbon emissions.,environment,2024-01-09
Medical team successfully performs complex surgery,"Doctors have successfully completed a complex surgical procedure, improving patient recovery outcomes.",health,2024-01-10
Government passes new education reform law,The government has officially passed a new education reform law aimed at improving access to quality education across the country.,politics,2024-01-01
Scientists discover new species in the Amazon,"Researchers have identified a previously unknown species in the Amazon rainforest, highlighting the region's biodiversity.",science,2024-01-02
Economic growth increases by 3 percent,Recent reports show that the country's economy has grown by 3 percent in the last quarter due to increased exports.,economy,2024-01-03
New technology improves renewable energy efficiency,Engineers have developed new technology that significantly improves the efficiency of solar panels.,technology,2024-01-04
Health officials announce vaccination success,Health authorities report a significant increase in vaccination rates leading to reduced infection cases.,health,2024-01-05
University researchers publish breakthrough study,A team of university researchers has published a groundbreaking study in the field of artificial intelligence.,education,2024-01-06
New infrastructure project launched in capital,The government has launched a major infrastructure project to improve transportation in the capital city.,politics,2024-01-07
Farmers report increased crop yields this season,Agricultural experts report higher crop yields due to improved farming techniques and favorable weather.,agriculture,2024-01-08
International agreement signed to combat climate change,Leaders from multiple countries have signed an agreement to reduce carbon emissions.,environment,2024-01-09
Medical team successfully performs complex surgery,"Doctors have successfully completed a complex surgical procedure, improving patient recovery outcomes.",health,2024-01-10
Government passes new education reform law,The government has officially passed a new education reform law aimed at improving access to quality education across the country.,politics,2024-01-01
Scientists discover new species in the Amazon,"Researchers have identified a previously unknown species in the Amazon rainforest, highlighting the region's biodiversity.",science,2024-01-02
Economic growth increases by 3 percent,Recent reports show that the country's economy has grown by 3 percent in the last quarter due to increased exports.,economy,2024-01-03
New technology improves renewable energy efficiency,Engineers have developed new technology that significantly improves the efficiency of solar panels.,technology,2024-01-04
Health officials announce vaccination success,Health authorities report a significant increase in vaccination rates leading to reduced infection cases.,health,2024-01-05
University researchers publish breakthrough study,A team of university researchers has published a groundbreaking study in the field of artificial intelligence.,education,2024-01-06
New infrastructure project launched in capital,The government has launched a major infrastructure project to improve transportation in the capital city.,politics,2024-01-07
Farmers report increased crop yields this season,Agricultural experts report higher crop yields due to improved farming techniques and favorable weather.,agriculture,2024-01-08
International agreement signed to combat climate change,Leaders from multiple countries have signed an agreement to reduce carbon emissions.,environment,2024-01-09
Medical team successfully performs complex surgery,"Doctors have successfully completed a complex surgical procedure, improving patient recovery outcomes.",health,2024-01-10
Government passes new education reform law,The government has officially passed a new education reform law aimed at improving access to quality education across the country.,politics,2024-01-01
Scientists discover new species in the Amazon,"Researchers have identified a previously unknown species in the Amazon rainforest, highlighting the region's biodiversity.",science,2024-01-02
Economic growth increases by 3 percent,Recent reports show that the country's economy has grown by 3 percent in the last quarter due to increased exports.,economy,2024-01-03
New technology improves renewable energy efficiency,Engineers have developed new technology that significantly improves the efficiency of solar panels.,technology,2024-01-04
Health officials announce vaccination success,Health authorities report a significant increase in vaccination rates leading to reduced infection cases.,health,2024-01-05
University researchers publish breakthrough study,A team of university researchers has published a groundbreaking study in the field of artificial intelligence.,education,2024-01-06
New infrastructure project launched in capital,The government has launched a major infrastructure project to improve transportation in the capital city.,politics,2024-01-07
Farmers report increased crop yields this season,Agricultural experts report higher crop yields due to improved farming techniques and favorable weather.,agriculture,2024-01-08
International agreement signed to combat climate change,Leaders from multiple countries have signed an agreement to reduce carbon emissions.,environment,2024-01-09
Medical team successfully performs complex surgery,"Doctors have successfully completed a complex surgical procedure, improving patient recovery outcomes.",health,2024-01-10
Government passes new education reform law,The government has officially passed a new education reform law aimed at improving access to quality education across the country.,politics,2024-01-01
Scientists discover new species in the Amazon,"Researchers have identified a previously unknown species in the Amazon rainforest, highlighting the region's biodiversity.",science,2024-01-02
Economic growth increases by 3 percent,Recent reports show that the country's economy has grown by 3 percent in the last quarter due to increased exports.,economy,2024-01-03
New technology improves renewable energy efficiency,Engineers have developed new technology that significantly improves the efficiency of solar panels.,technology,2024-01-04
Health officials announce vaccination success,Health authorities report a significant increase in vaccination rates leading to reduced infection cases.,health,2024-01-05
University researchers publish breakthrough study,A team of university researchers has published a groundbreaking study in the field of artificial intelligence.,education,2024-01-06
New infrastructure project launched in capital,The government has launched a major infrastructure project to improve transportation in the capital city.,politics,2024-01-07
Farmers report increased crop yields this season,Agricultural experts report higher crop yields due to improved farming techniques and favorable weather.,agriculture,2024-01-08
International agreement signed to combat climate change,Leaders from multiple countries have signed an agreement to reduce carbon emissions.,environment,2024-01-09
Medical team successfully performs complex surgery,"Doctors have successfully completed a complex surgical procedure, improving patient recovery outcomes.",health,2024-01-10
Government passes new education reform law,The government has officially passed a new education reform law aimed at improving access to quality education across the country.,politics,2024-01-01
Scientists discover new species in the Amazon,"Researchers have identified a previously unknown species in the Amazon rainforest, highlighting the region's biodiversity.",science,2024-01-02
Economic growth increases by 3 percent,Recent reports show that the country's economy has grown by 3 percent in the last quarter due to increased exports.,economy,2024-01-03
New technology improves renewable energy efficiency,Engineers have developed new technology that significantly improves the efficiency of solar panels.,technology,2024-01-04
Health officials announce vaccination success,Health authorities report a significant increase in vaccination rates leading to reduced infection cases.,health,2024-01-05
University researchers publish breakthrough study,A team of university researchers has published a groundbreaking study in the field of artificial intelligence.,education,2024-01-06
New infrastructure project launched in capital,The government has launched a major infrastructure project to improve transportation in the capital city.,politics,2024-01-07
Farmers report increased crop yields this season,Agricultural experts report higher crop yields due to improved farming techniques and favorable weather.,agriculture,2024-01-08
International agreement signed to combat climate change,Leaders from multiple countries have signed an agreement to reduce carbon emissions.,environment,2024-01-09
Medical team successfully performs complex surgery,"Doctors have successfully completed a complex surgical procedure, improving patient recovery outcomes.",health,2024-01-10
Government passes new education reform law,The government has officially passed a new education reform law aimed at improving access to quality education across the country.,politics,2024-01-01
Scientists discover new species in the Amazon,"Researchers have identified a previously unknown species in the Amazon rainforest, highlighting the region's biodiversity.",science,2024-01-02
Economic growth increases by 3 percent,Recent reports show that the country's economy has grown by 3 percent in the last quarter due to increased exports.,economy,2024-01-03
New technology improves renewable energy efficiency,Engineers have developed new technology that significantly improves the efficiency of solar panels.,technology,2024-01-04
Health officials announce vaccination success,Health authorities report a significant increase in vaccination rates leading to reduced infection cases.,health,2024-01-05
University researchers publish breakthrough study,A team of university researchers has published a groundbreaking study in the field of artificial intelligence.,education,2024-01-06
New infrastructure project launched in capital,The government has launched a major infrastructure project to improve transportation in the capital city.,politics,2024-01-07
Farmers report increased crop yields this season,Agricultural experts report higher crop yields due to improved farming techniques and favorable weather.,agriculture,2024-01-08
International agreement signed to combat climate change,Leaders from multiple countries have signed an agreement to reduce carbon emissions.,environment,2024-01-09
Medical team successfully performs complex surgery,"Doctors have successfully completed a complex surgical procedure, improving patient recovery outcomes.",health,2024-01-10
Government passes new education reform law,The government has officially passed a new education reform law aimed at improving access to quality education across the country.,politics,2024-01-01
Scientists discover new species in the Amazon,"Researchers have identified a previously unknown species in the Amazon rainforest, highlighting the region's biodiversity.",science,2024-01-02
Economic growth increases by 3 percent,Recent reports show that the country's economy has grown by 3 percent in the last quarter due to increased exports.,economy,2024-01-03
New technology improves renewable energy efficiency,Engineers have developed new technology that significantly improves the efficiency of solar panels.,technology,2024-01-04
Health officials announce vaccination success,Health authorities report a significant increase in vaccination rates leading to reduced infection cases.,health,2024-01-05
University researchers publish breakthrough study,A team of university researchers has published a groundbreaking study in the field of artificial intelligence.,education,2024-01-06
New infrastructure project launched in capital,The government has launched a major infrastructure project to improve transportation in the capital city.,politics,2024-01-07
Farmers report increased crop yields this season,Agricultural experts report higher crop yields due to improved farming techniques and favorable weather.,agriculture,2024-01-08
International agreement signed to combat climate change,Leaders from multiple countries have signed an agreement to reduce carbon emissions.,environment,2024-01-09
Medical team successfully performs complex surgery,"Doctors have successfully completed a complex surgical procedure, improving patient recovery outcomes.",health,2024-01-10
Government passes new education reform law,The government has officially passed a new education reform law aimed at improving access to quality education across the country.,politics,2024-01-01
Scientists discover new species in the Amazon,"Researchers have identified a previously unknown species in the Amazon rainforest, highlighting the region's biodiversity.",science,2024-01-02
Economic growth increases by 3 percent,Recent reports show that the country's economy has grown by 3 percent in the last quarter due to increased exports.,economy,2024-01-03
New technology improves renewable energy efficiency,Engineers have developed new technology that significantly improves the efficiency of solar panels.,technology,2024-01-04
Health officials announce vaccination success,Health authorities report a significant increase in vaccination rates leading to reduced infection cases.,health,2024-01-05
University researchers publish breakthrough study,A team of university researchers has published a groundbreaking study in the field of artificial intelligence.,education,2024-01-06
New infrastructure project launched in capital,The government has launched a major infrastructure project to improve transportation in the capital city.,politics,2024-01-07
Farmers report increased crop yields this season,Agricultural experts report higher crop yields due to improved farming techniques and favorable weather.,agriculture,2024-01-08
International agreement signed to combat climate change,Leaders from multiple countries have signed an agreement to reduce carbon emissions.,environment,2024-01-09
Medical team successfully performs complex surgery,"Doctors have successfully completed a complex surgical procedure, improving patient recovery outcomes.",health,2024-01-10
Government passes new education reform law,The government has officially passed a new education reform law aimed at improving access to quality education across the country.,politics,2024-01-01
Scientists discover new species in the Amazon,"Researchers have identified a previously unknown species in the Amazon rainforest, highlighting the region's biodiversity.",science,2024-01-02
Economic growth increases by 3 percent,Recent reports show that the country's economy has grown by 3 percent in the last quarter due to increased exports.,economy,2024-01-03
New technology improves renewable energy efficiency,Engineers have developed new technology that significantly improves the efficiency of solar panels.,technology,2024-01-04
Health officials announce vaccination success,Health authorities report a significant increase in vaccination rates leading to reduced infection cases.,health,2024-01-05
University researchers publish breakthrough study,A team of university researchers has published a groundbreaking study in the field of artificial intelligence.,education,2024-01-06
New infrastructure project launched in capital,The government has launched a major infrastructure project to improve transportation in the capital city.,politics,2024-01-07
Farmers report increased crop yields this season,Agricultural experts report higher crop yields due to improved farming techniques and favorable weather.,agriculture,2024-01-08
International agreement signed to combat climate change,Leaders from multiple countries have signed an agreement to reduce carbon emissions.,environment,2024-01-09
Medical team successfully performs complex surgery,"Doctors have successfully completed a complex surgical procedure, improving patient recovery outcomes.",health,2024-01-10
Government passes new education reform law,The government has officially passed a new education reform law aimed at improving access to quality education across the country.,politics,2024-01-01
Scientists discover new species in the Amazon,"Researchers have identified a previously unknown species in the Amazon rainforest, highlighting the region's biodiversity.",science,2024-01-02
Economic growth increases by 3 percent,Recent reports show that the country's economy has grown by 3 percent in the last quarter due to increased exports.,economy,2024-01-03
New technology improves renewable energy efficiency,Engineers have developed new technology that significantly improves the efficiency of solar panels.,technology,2024-01-04
Health officials announce vaccination success,Health authorities report a significant increase in vaccination rates leading to reduced infection cases.,health,2024-01-05
University researchers publish breakthrough study,A team of university researchers has published a groundbreaking study in the field of artificial intelligence.,education,2024-01-06
New infrastructure project launched in capital,The government has launched a major infrastructure project to improve transportation in the capital city.,politics,2024-01-07
Farmers report increased crop yields this season,Agricultural experts report higher crop yields due to improved farming techniques and favorable weather.,agriculture,2024-01-08
International agreement signed to combat climate change,Leaders from multiple countries have signed an agreement to reduce carbon emissions.,environment,2024-01-09
Medical team successfully performs complex surgery,"Doctors have successfully completed a complex surgical procedure, improving patient recovery outcomes.",health,2024-01-10
Government passes new education reform law,The government has officially passed a new education reform law aimed at improving access to quality education across the country.,politics,2024-01-01
Scientists discover new species in the Amazon,"Researchers have identified a previously unknown species in the Amazon rainforest, highlighting the region's biodiversity.",science,2024-01-02
Economic growth increases by 3 percent,Recent reports show that the country's economy has grown by 3 percent in the last quarter due to increased exports.,economy,2024-01-03
New technology improves renewable energy efficiency,Engineers have developed new technology that significantly improves the efficiency of solar panels.,technology,2024-01-04
Health officials announce vaccination success,Health authorities report a significant increase in vaccination rates leading to reduced infection cases.,health,2024-01-05
University researchers publish breakthrough study,A team of university researchers has published a groundbreaking study in the field of artificial intelligence.,education,2024-01-06
New infrastructure project launched in capital,The government has launched a major infrastructure project to improve transportation in the capital city.,politics,2024-01-07
Farmers report increased crop yields this season,Agricultural experts report higher crop yields due to improved farming techniques and favorable weather.,agriculture,2024-01-08
International agreement signed to combat climate change,Leaders from multiple countries have signed an agreement to reduce carbon emissions.,environment,2024-01-09
Medical team successfully performs complex surgery,"Doctors have successfully completed a complex surgical procedure, improving patient recovery outcomes.",health,2024-01-10
Government passes new education reform law,The government has officially passed a new education reform law aimed at improving access to quality education across the country.,politics,2024-01-01
Scientists discover new species in the Amazon,"Researchers have identified a previously unknown species in the Amazon rainforest, highlighting the region's biodiversity.",science,2024-01-02
Economic growth increases by 3 percent,Recent reports show that the country's economy has grown by 3 percent in the last quarter due to increased exports.,economy,2024-01-03
New technology improves renewable energy efficiency,Engineers have developed new technology that significantly improves the efficiency of solar panels.,technology,2024-01-04
Health officials announce vaccination success,Health authorities report a significant increase in vaccination rates leading to reduced infection cases.,health,2024-01-05
University researchers publish breakthrough study,A team of university researchers has published a groundbreaking study in the field of artificial intelligence.,education,2024-01-06
New infrastructure project launched in capital,The government has launched a major infrastructure project to improve transportation in the capital city.,politics,2024-01-07
Farmers report increased crop yields this season,Agricultural experts report higher crop yields due to improved farming techniques and favorable weather.,agriculture,2024-01-08
International agreement signed to combat climate change,Leaders from multiple countries have signed an agreement to reduce carbon emissions.,environment,2024-01-09
Medical team successfully performs complex surgery,"Doctors have successfully completed a complex surgical procedure, improving patient recovery outcomes.",health,2024-01-10
Government passes new education reform law,The government has officially passed a new education reform law aimed at improving access to quality education across the country.,politics,2024-01-01
Scientists discover new species in the Amazon,"Researchers have identified a previously unknown species in the Amazon rainforest, highlighting the region's biodiversity.",science,2024-01-02
Economic growth increases by 3 percent,Recent reports show that the country's economy has grown by 3 percent in the last quarter due to increased exports.,economy,2024-01-03
New technology improves renewable energy efficiency,Engineers have developed new technology that significantly improves the efficiency of solar panels.,technology,2024-01-04
Health officials announce vaccination success,Health authorities report a significant increase in vaccination rates leading to reduced infection cases.,health,2024-01-05
University researchers publish breakthrough study,A team of university researchers has published a groundbreaking study in the field of artificial intelligence.,education,2024-01-06
New infrastructure project launched in capital,The government has launched a major infrastructure project to improve transportation in the capital city.,politics,2024-01-07
Farmers report increased crop yields this season,Agricultural experts report higher crop yields due to improved farming techniques and favorable weather.,agriculture,2024-01-08
International agreement signed to combat climate change,Leaders from multiple countries have signed an agreement to reduce carbon emissions.,environment,2024-01-09
Medical team successfully performs complex surgery,"Doctors have successfully completed a complex surgical procedure, improving patient recovery outcomes.",health,2024-01-10
Government passes new education reform law,The government has officially passed a new education reform law aimed at improving access to quality education across the country.,politics,2024-01-01
Scientists discover new species in the Amazon,"Researchers have identified a previously unknown species in the Amazon rainforest, highlighting the region's biodiversity.",science,2024-01-02
Economic growth increases by 3 percent,Recent reports show that the country's economy has grown by 3 percent in the last quarter due to increased exports.,economy,2024-01-03
New technology improves renewable energy efficiency,Engineers have developed new technology that significantly improves the efficiency of solar panels.,technology,2024-01-04
Health officials announce vaccination success,Health authorities report a significant increase in vaccination rates leading to reduced infection cases.,health,2024-01-05
University researchers publish breakthrough study,A team of university researchers has published a groundbreaking study in the field of artificial intelligence.,education,2024-01-06
New infrastructure project launched in capital,The government has launched a major infrastructure project to improve transportation in the capital city.,politics,2024-01-07
Farmers report increased crop yields this season,Agricultural experts report higher crop yields due to improved farming techniques and favorable weather.,agriculture,2024-01-08
International agreement signed to combat climate change,Leaders from multiple countries have signed an agreement to reduce carbon emissions.,environment,2024-01-09
Medical team successfully performs complex surgery,"Doctors have successfully completed a complex surgical procedure, improving patient recovery outcomes.",health,2024-01-10
Government passes new education reform law,The government has officially passed a new education reform law aimed at improving access to quality education across the country.,politics,2024-01-01
Scientists discover new species in the Amazon,"Researchers have identified a previously unknown species in the Amazon rainforest, highlighting the region's biodiversity.",science,2024-01-02
Economic growth increases by 3 percent,Recent reports show that the country's economy has grown by 3 percent in the last quarter due to increased exports.,economy,2024-01-03
New technology improves renewable energy efficiency,Engineers have developed new technology that significantly improves the efficiency of solar panels.,technology,2024-01-04
Health officials announce vaccination success,Health authorities report a significant increase in vaccination rates leading to reduced infection cases.,health,2024-01-05
University researchers publish breakthrough study,A team of university researchers has published a groundbreaking study in the field of artificial intelligence.,education,2024-01-06
New infrastructure project launched in capital,The government has launched a major infrastructure project to improve transportation in the capital city.,politics,2024-01-07
Farmers report increased crop yields this season,Agricultural experts report higher crop yields due to improved farming techniques and favorable weather.,agriculture,2024-01-08
International agreement signed to combat climate change,Leaders from multiple countries have signed an agreement to reduce carbon emissions.,environment,2024-01-09
Medical team successfully performs complex surgery,"Doctors have successfully completed a complex surgical procedure, improving patient recovery outcomes.",health,2024-01-10
Government passes new education reform law,The government has officially passed a new education reform law aimed at improving access to quality education across the country.,politics,2024-01-01
Scientists discover new species in the Amazon,"Researchers have identified a previously unknown species in the Amazon rainforest, highlighting the region's biodiversity.",science,2024-01-02
Economic growth increases by 3 percent,Recent reports show that the country's economy has grown by 3 percent in the last quarter due to increased exports.,economy,2024-01-03
New technology improves renewable energy efficiency,Engineers have developed new technology that significantly improves the efficiency of solar panels.,technology,2024-01-04
Health officials announce vaccination success,Health authorities report a significant increase in vaccination rates leading to reduced infection cases.,health,2024-01-05
University researchers publish breakthrough study,A team of university researchers has published a groundbreaking study in the field of artificial intelligence.,education,2024-01-06
New infrastructure project launched in capital,The government has launched a major infrastructure project to improve transportation in the capital city.,politics,2024-01-07
Farmers report increased crop yields this season,Agricultural experts report higher crop yields due to improved farming techniques and favorable weather.,agriculture,2024-01-08
International agreement signed to combat climate change,Leaders from multiple countries have signed an agreement to reduce carbon emissions.,environment,2024-01-09
Medical team successfully performs complex surgery,"Doctors have successfully completed a complex surgical procedure, improving patient recovery outcomes.",health,2024-01-10
Government passes new education reform law,The government has officially passed a new education reform law aimed at improving access to quality education across the country.,politics,2024-01-01
Scientists discover new species in the Amazon,"Researchers have identified a previously unknown species in the Amazon rainforest, highlighting the region's biodiversity.",science,2024-01-02
Economic growth increases by 3 percent,Recent reports show that the country's economy has grown by 3 percent in the last quarter due to increased exports.,economy,2024-01-03
New technology improves renewable energy efficiency,Engineers have developed new technology that significantly improves the efficiency of solar panels.,technology,2024-01-04
Health officials announce vaccination success,Health authorities report a significant increase in vaccination rates leading to reduced infection cases.,health,2024-01-05
University researchers publish breakthrough study,A team of university researchers has published a groundbreaking study in the field of artificial intelligence.,education,2024-01-06
New infrastructure project launched in capital,The government has launched a major infrastructure project to improve transportation in the capital city.,politics,2024-01-07
Farmers report increased crop yields this season,Agricultural experts report higher crop yields due to improved farming techniques and favorable weather.,agriculture,2024-01-08
International agreement signed to combat climate change,Leaders from multiple countries have signed an agreement to reduce carbon emissions.,environment,2024-01-09
Medical team successfully performs complex surgery,"Doctors have successfully completed a complex surgical procedure, improving patient recovery outcomes.",health,2024-01-10
Government passes new education reform law,The government has officially passed a new education reform law aimed at improving access to quality education across the country.,politics,2024-01-01
Scientists discover new species in the Amazon,"Researchers have identified a previously unknown species in the Amazon rainforest, highlighting the region's biodiversity.",science,2024-01-02
Economic growth increases by 3 percent,Recent reports show that the country's economy has grown by 3 percent in the last quarter due to increased exports.,economy,2024-01-03
New technology improves renewable energy efficiency,Engineers have developed new technology that significantly improves the efficiency of solar panels.,technology,2024-01-04
Health officials announce vaccination success,Health authorities report a significant increase in vaccination rates leading to reduced infection cases.,health,2024-01-05
University researchers publish breakthrough study,A team of university researchers has published a groundbreaking study in the field of artificial intelligence.,education,2024-01-06
New infrastructure project launched in capital,The government has launched a major infrastructure project to improve transportation in the capital city.,politics,2024-01-07
Farmers report increased crop yields this season,Agricultural experts report higher crop yields due to improved farming techniques and favorable weather.,agriculture,2024-01-08
International agreement signed to combat climate change,Leaders from multiple countries have signed an agreement to reduce carbon emissions.,environment,2024-01-09
Medical team successfully performs complex surgery,"Doctors have successfully completed a complex surgical procedure, improving patient recovery outcomes.",health,2024-01-10
Government passes new education reform law,The government has officially passed a new education reform law aimed at improving access to quality education across the country.,politics,2024-01-01
Scientists discover new species in the Amazon,"Researchers have identified a previously unknown species in the Amazon rainforest, highlighting the region's biodiversity.",science,2024-01-02
Economic growth increases by 3 percent,Recent reports show that the country's economy has grown by 3 percent in the last quarter due to increased exports.,economy,2024-01-03
New technology improves renewable energy efficiency,Engineers have developed new technology that significantly improves the efficiency of solar panels.,technology,2024-01-04
Health officials announce vaccination success,Health authorities report a significant increase in vaccination rates leading to reduced infection cases.,health,2024-01-05
University researchers publish breakthrough study,A team of university researchers has published a groundbreaking study in the field of artificial intelligence.,education,2024-01-06
New infrastructure project launched in capital,The government has launched a major infrastructure project to improve transportation in the capital city.,politics,2024-01-07
Farmers report increased crop yields this season,Agricultural experts report higher crop yields due to improved farming techniques and favorable weather.,agriculture,2024-01-08
International agreement signed to combat climate change,Leaders from multiple countries have signed an agreement to reduce carbon emissions.,environment,2024-01-09
Medical team successfully performs complex surgery,"Doctors have successfully completed a complex surgical procedure, improving patient recovery outcomes.",health,2024-01-10
Government passes new education reform law,The government has officially passed a new education reform law aimed at improving access to quality education across the country.,politics,2024-01-01
Scientists discover new species in the Amazon,"Researchers have identified a previously unknown species in the Amazon rainforest, highlighting the region's biodiversity.",science,2024-01-02
Economic growth increases by 3 percent,Recent reports show that the country's economy has grown by 3 percent in the last quarter due to increased exports.,economy,2024-01-03
New technology improves renewable energy efficiency,Engineers have developed new technology that significantly improves the efficiency of solar panels.,technology,2024-01-04
Health officials announce vaccination success,Health authorities report a significant increase in vaccination rates leading to reduced infection cases.,health,2024-01-05
University researchers publish breakthrough study,A team of university researchers has published a groundbreaking study in the field of artificial intelligence.,education,2024-01-06
New infrastructure project launched in capital,The government has launched a major infrastructure project to improve transportation in the capital city.,politics,2024-01-07
Farmers report increased crop yields this season,Agricultural experts report higher crop yields due to improved farming techniques and favorable weather.,agriculture,2024-01-08
International agreement signed to combat climate change,Leaders from multiple countries have signed an agreement to reduce carbon emissions.,environment,2024-01-09
Medical team successfully performs complex surgery,"Doctors have successfully completed a complex surgical procedure, improving patient recovery outcomes.",health,2024-01-10
Government passes new education reform law,The government has officially passed a new education reform law aimed at improving access to quality education across the country.,politics,2024-01-01
Scientists discover new species in the Amazon,"Researchers have identified a previously unknown species in the Amazon rainforest, highlighting the region's biodiversity.",science,2024-01-02
Economic growth increases by 3 percent,Recent reports show that the country's economy has grown by 3 percent in the last quarter due to increased exports.,economy,2024-01-03
New technology improves renewable energy efficiency,Engineers have developed new technology that significantly improves the efficiency of solar panels.,technology,2024-01-04
Health officials announce vaccination success,Health authorities report a significant increase in vaccination rates leading to reduced infection cases.,health,2024-01-05
University researchers publish breakthrough study,A team of university researchers has published a groundbreaking study in the field of artificial intelligence.,education,2024-01-06
New infrastructure project launched in capital,The government has launched a major infrastructure project to improve transportation in the capital city.,politics,2024-01-07
Farmers report increased crop yields this season,Agricultural experts report higher crop yields due to improved farming techniques and favorable weather.,agriculture,2024-01-08
International agreement signed to combat climate change,Leaders from multiple countries have signed an agreement to reduce carbon emissions.,environment,2024-01-09
Medical team successfully performs complex surgery,"Doctors have successfully completed a complex surgical procedure, improving patient recovery outcomes.",health,2024-01-10
Government passes new education reform law,The government has officially passed a new education reform law aimed at improving access to quality education across the country.,politics,2024-01-01
Scientists discover new species in the Amazon,"Researchers have identified a previously unknown species in the Amazon rainforest, highlighting the region's biodiversity.",science,2024-01-02
Economic growth increases by 3 percent,Recent reports show that the country's economy has grown by 3 percent in the last quarter due to increased exports.,economy,2024-01-03
New technology improves renewable energy efficiency,Engineers have developed new technology that significantly improves the efficiency of solar panels.,technology,2024-01-04
Health officials announce vaccination success,Health authorities report a significant increase in vaccination rates leading to reduced infection cases.,health,2024-01-05
University researchers publish breakthrough study,A team of university researchers has published a groundbreaking study in the field of artificial intelligence.,education,2024-01-06
New infrastructure project launched in capital,The government has launched a major infrastructure project to improve transportation in the capital city.,politics,2024-01-07
Farmers report increased crop yields this season,Agricultural experts report higher crop yields due to improved farming techniques and favorable weather.,agriculture,2024-01-08
International agreement signed to combat climate change,Leaders from multiple countries have signed an agreement to reduce carbon emissions.,environment,2024-01-09
Medical team successfully performs complex surgery,"Doctors have successfully completed a complex surgical procedure, improving patient recovery outcomes.",health,2024-01-10
Government passes new education reform law,The government has officially passed a new education reform law aimed at improving access to quality education across the country.,politics,2024-01-01
Scientists discover new species in the Amazon,"Researchers have identified a previously unknown species in the Amazon rainforest, highlighting the region's biodiversity.",science,2024-01-02
Economic growth increases by 3 percent,Recent reports show that the country's economy has grown by 3 percent in the last quarter due to increased exports.,economy,2024-01-03
New technology improves renewable energy efficiency,Engineers have developed new technology that significantly improves the efficiency of solar panels.,technology,2024-01-04
Health officials announce vaccination success,Health authorities report a significant increase in vaccination rates leading to reduced infection cases.,health,2024-01-05
University researchers publish breakthrough study,A team of university researchers has published a groundbreaking study in the field of artificial intelligence.,education,2024-01-06
New infrastructure project launched in capital,The government has launched a major infrastructure project to improve transportation in the capital city.,politics,2024-01-07
Farmers report increased crop yields this season,Agricultural experts report higher crop yields due to improved farming techniques and favorable weather.,agriculture,2024-01-08
International agreement signed to combat climate change,Leaders from multiple countries have signed an agreement to reduce carbon emissions.,environment,2024-01-09
Medical team successfully performs complex surgery,"Doctors have successfully completed a complex surgical procedure, improving patient recovery outcomes.",health,2024-01-10
Government passes new education reform law,The government has officially passed a new education reform law aimed at improving access to quality education across the country.,politics,2024-01-01
Scientists discover new species in the Amazon,"Researchers have identified a previously unknown species in the Amazon rainforest, highlighting the region's biodiversity.",science,2024-01-02
Economic growth increases by 3 percent,Recent reports show that the country's economy has grown by 3 percent in the last quarter due to increased exports.,economy,2024-01-03
New technology improves renewable energy efficiency,Engineers have developed new technology that significantly improves the efficiency of solar panels.,technology,2024-01-04
Health officials announce vaccination success,Health authorities report a significant increase in vaccination rates leading to reduced infection cases.,health,2024-01-05
University researchers publish breakthrough study,A team of university researchers has published a groundbreaking study in the field of artificial intelligence.,education,2024-01-06
New infrastructure project launched in capital,The government has launched a major infrastructure project to improve transportation in the capital city.,politics,2024-01-07
Farmers report increased crop yields this season,Agricultural experts report higher crop yields due to improved farming techniques and favorable weather.,agriculture,2024-01-08
International agreement signed to combat climate change,Leaders from multiple countries have signed an agreement to reduce carbon emissions.,environment,2024-01-09
Medical team successfully performs complex surgery,"Doctors have successfully completed a complex surgical procedure, improving patient recovery outcomes.",health,2024-01-10
Government passes new education reform law,The government has officially passed a new education reform law aimed at improving access to quality education across the country.,politics,2024-01-01
Scientists discover new species in the Amazon,"Researchers have identified a previously unknown species in the Amazon rainforest, highlighting the region's biodiversity.",science,2024-01-02
Economic growth increases by 3 percent,Recent reports show that the country's economy has grown by 3 percent in the last quarter due to increased exports.,economy,2024-01-03
New technology improves renewable energy efficiency,Engineers have developed new technology that significantly improves the efficiency of solar panels.,technology,2024-01-04
Health officials announce vaccination success,Health authorities report a significant increase in vaccination rates leading to reduced infection cases.,health,2024-01-05
University researchers publish breakthrough study,A team of university researchers has published a groundbreaking study in the field of artificial intelligence.,education,2024-01-06
New infrastructure project launched in capital,The government has launched a major infrastructure project to improve transportation in the capital city.,politics,2024-01-07
Farmers report increased crop yields this season,Agricultural experts report higher crop yields due to improved farming techniques and favorable weather.,agriculture,2024-01-08
International agreement signed to combat climate change,Leaders from multiple countries have signed an agreement to reduce carbon emissions.,environment,2024-01-09
Medical team successfully performs complex surgery,"Doctors have successfully completed a complex surgical procedure, improving patient recovery outcomes.",health,2024-01-10
Government passes new education reform law,The government has officially passed a new education reform law aimed at improving access to quality education across the country.,politics,2024-01-01
Scientists discover new species in the Amazon,"Researchers have identified a previously unknown species in the Amazon rainforest, highlighting the region's biodiversity.",science,2024-01-02
Economic growth increases by 3 percent,Recent reports show that the country's economy has grown by 3 percent in the last quarter due to increased exports.,economy,2024-01-03
New technology improves renewable energy efficiency,Engineers have developed new technology that significantly improves the efficiency of solar panels.,technology,2024-01-04
Health officials announce vaccination success,Health authorities report a significant increase in vaccination rates leading to reduced infection cases.,health,2024-01-05
University researchers publish breakthrough study,A team of university researchers has published a groundbreaking study in the field of artificial intelligence.,education,2024-01-06
New infrastructure project launched in capital,The government has launched a major infrastructure project to improve transportation in the capital city.,politics,2024-01-07
Farmers report increased crop yields this season,Agricultural experts report higher crop yields due to improved farming techniques and favorable weather.,agriculture,2024-01-08
International agreement signed to combat climate change,Leaders from multiple countries have signed an agreement to reduce carbon emissions.,environment,2024-01-09
Medical team successfully performs complex surgery,"Doctors have successfully completed a complex surgical procedure, improving patient recovery outcomes.",health,2024-01-10
Government passes new education reform law,The government has officially passed a new education reform law aimed at improving access to quality education across the country.,politics,2024-01-01
Scientists discover new species in the Amazon,"Researchers have identified a previously unknown species in the Amazon rainforest, highlighting the region's biodiversity.",science,2024-01-02
Economic growth increases by 3 percent,Recent reports show that the country's economy has grown by 3 percent in the last quarter due to increased exports.,economy,2024-01-03
New technology improves renewable energy efficiency,Engineers have developed new technology that significantly improves the efficiency of solar panels.,technology,2024-01-04
Health officials announce vaccination success,Health authorities report a significant increase in vaccination rates leading to reduced infection cases.,health,2024-01-05
University researchers publish breakthrough study,A team of university researchers has published a groundbreaking study in the field of artificial intelligence.,education,2024-01-06
New infrastructure project launched in capital,The government has launched a major infrastructure project to improve transportation in the capital city.,politics,2024-01-07
Farmers report increased crop yields this season,Agricultural experts report higher crop yields due to improved farming techniques and favorable weather.,agriculture,2024-01-08
International agreement signed to combat climate change,Leaders from multiple countries have signed an agreement to reduce carbon emissions.,environment,2024-01-09
Medical team successfully performs complex surgery,"Doctors have successfully completed a complex surgical procedure, improving patient recovery outcomes.",health,2024-01-10
Government passes new education reform law,The government has officially passed a new education reform law aimed at improving access to quality education across the country.,politics,2024-01-01
Scientists discover new species in the Amazon,"Researchers have identified a previously unknown species in the Amazon rainforest, highlighting the region's biodiversity.",science,2024-01-02
Economic growth increases by 3 percent,Recent reports show that the country's economy has grown by 3 percent in the last quarter due to increased exports.,economy,2024-01-03
New technology improves renewable energy efficiency,Engineers have developed new technology that significantly improves the efficiency of solar panels.,technology,2024-01-04
Health officials announce vaccination success,Health authorities report a significant increase in vaccination rates leading to reduced infection cases.,health,2024-01-05
University researchers publish breakthrough study,A team of university researchers has published a groundbreaking study in the field of artificial intelligence.,education,2024-01-06
New infrastructure project launched in capital,The government has launched a major infrastructure project to improve transportation in the capital city.,politics,2024-01-07
Farmers report increased crop yields this season,Agricultural experts report higher crop yields due to improved farming techniques and favorable weather.,agriculture,2024-01-08
International agreement signed to combat climate change,Leaders from multiple countries have signed an agreement to reduce carbon emissions.,environment,2024-01-09
Medical team successfully performs complex surgery,"Doctors have successfully completed a complex surgical procedure, improving patient recovery outcomes.",health,2024-01-10
Government passes new education reform law,The government has officially passed a new education reform law aimed at improving access to quality education across the country.,politics,2024-01-01
Scientists discover new species in the Amazon,"Researchers have identified a previously unknown species in the Amazon rainforest, highlighting the region's biodiversity.",science,2024-01-02
Economic growth increases by 3 percent,Recent reports show that the country's economy has grown by 3 percent in the last quarter due to increased exports.,economy,2024-01-03
New technology improves renewable energy efficiency,Engineers have developed new technology that significantly improves the efficiency of solar panels.,technology,2024-01-04
Health officials announce vaccination success,Health authorities report a significant increase in vaccination rates leading to reduced infection cases.,health,2024-01-05
University researchers publish breakthrough study,A team of university researchers has published a groundbreaking study in the field of artificial intelligence.,education,2024-01-06
New infrastructure project launched in capital,The government has launched a major infrastructure project to improve transportation in the capital city.,politics,2024-01-07
Farmers report increased crop yields this season,Agricultural experts report higher crop yields due to improved farming techniques and favorable weather.,agriculture,2024-01-08
International agreement signed to combat climate change,Leaders from multiple countries have signed an agreement to reduce carbon emissions.,environment,2024-01-09
Medical team successfully performs complex surgery,"Doctors have successfully completed a complex surgical procedure, improving patient recovery outcomes.",health,2024-01-10
Government passes new education reform law,The government has officially passed a new education reform law aimed at improving access to quality education across the country.,politics,2024-01-01
Scientists discover new species in the Amazon,"Researchers have identified a previously unknown species in the Amazon rainforest, highlighting the region's biodiversity.",science,2024-01-02
Economic growth increases by 3 percent,Recent reports show that the country's economy has grown by 3 percent in the last quarter due to increased exports.,economy,2024-01-03
New technology improves renewable energy efficiency,Engineers have developed new technology that significantly improves the efficiency of solar panels.,technology,2024-01-04
Health officials announce vaccination success,Health authorities report a significant increase in vaccination rates leading to reduced infection cases.,health,2024-01-05
University researchers publish breakthrough study,A team of university researchers has published a groundbreaking study in the field of artificial intelligence.,education,2024-01-06
New infrastructure project launched in capital,The government has launched a major infrastructure project to improve transportation in the capital city.,politics,2024-01-07
Farmers report increased crop yields this season,Agricultural experts report higher crop yields due to improved farming techniques and favorable weather.,agriculture,2024-01-08
International agreement signed to combat climate change,Leaders from multiple countries have signed an agreement to reduce carbon emissions.,environment,2024-01-09
Medical team successfully performs complex surgery,"Doctors have successfully completed a complex surgical procedure, improving patient recovery outcomes.",health,2024-01-10
Government passes new education reform law,The government has officially passed a new education reform law aimed at improving access to quality education across the country.,politics,2024-01-01
Scientists discover new species in the Amazon,"Researchers have identified a previously unknown species in the Amazon rainforest, highlighting the region's biodiversity.",science,2024-01-02
Economic growth increases by 3 percent,Recent reports show that the country's economy has grown by 3 percent in the last quarter due to increased exports.,economy,2024-01-03
New technology improves renewable energy efficiency,Engineers have developed new technology that significantly improves the efficiency of solar panels.,technology,2024-01-04
Health officials announce vaccination success,Health authorities report a significant increase in vaccination rates leading to reduced infection cases.,health,2024-01-05
University researchers publish breakthrough study,A team of university researchers has published a groundbreaking study in the field of artificial intelligence.,education,2024-01-06
New infrastructure project launched in capital,The government has launched a major infrastructure project to improve transportation in the capital city.,politics,2024-01-07
Farmers report increased crop yields this season,Agricultural experts report higher crop yields due to improved farming techniques and favorable weather.,agriculture,2024-01-08
International agreement signed to combat climate change,Leaders from multiple countries have signed an agreement to reduce carbon emissions.,environment,2024-01-09
Medical team successfully performs complex surgery,"Doctors have successfully completed a complex surgical procedure, improving patient recovery outcomes.",health,2024-01-10
Government passes new education reform law,The government has officially passed a new education reform law aimed at improving access to quality education across the country.,politics,2024-01-01
Scientists discover new species in the Amazon,"Researchers have identified a previously unknown species in the Amazon rainforest, highlighting the region's biodiversity.",science,2024-01-02
Economic growth increases by 3 percent,Recent reports show that the country's economy has grown by 3 percent in the last quarter due to increased exports.,economy,2024-01-03
New technology improves renewable energy efficiency,Engineers have developed new technology that significantly improves the efficiency of solar panels.,technology,2024-01-04
Health officials announce vaccination success,Health authorities report a significant increase in vaccination rates leading to reduced infection cases.,health,2024-01-05
University researchers publish breakthrough study,A team of university researchers has published a groundbreaking study in the field of artificial intelligence.,education,2024-01-06
New infrastructure project launched in capital,The government has launched a major infrastructure project to improve transportation in the capital city.,politics,2024-01-07
Farmers report increased crop yields this season,Agricultural experts report higher crop yields due to improved farming techniques and favorable weather.,agriculture,2024-01-08
International agreement signed to combat climate change,Leaders from multiple countries have signed an agreement to reduce carbon emissions.,environment,2024-01-09
Medical team successfully performs complex surgery,"Doctors have successfully completed a complex surgical procedure, improving patient recovery outcomes.",health,2024-01-10
Government passes new education reform law,The government has officially passed a new education reform law aimed at improving access to quality education across the country.,politics,2024-01-01
Scientists discover new species in the Amazon,"Researchers have identified a previously unknown species in the Amazon rainforest, highlighting the region's biodiversity.",science,2024-01-02
Economic growth increases by 3 percent,Recent reports show that the country's economy has grown by 3 percent in the last quarter due to increased exports.,economy,2024-01-03
New technology improves renewable energy efficiency,Engineers have developed new technology that significantly improves the efficiency of solar panels.,technology,2024-01-04
Health officials announce vaccination success,Health authorities report a significant increase in vaccination rates leading to reduced infection cases.,health,2024-01-05
University researchers publish breakthrough study,A team of university researchers has published a groundbreaking study in the field of artificial intelligence.,education,2024-01-06
New infrastructure project launched in capital,The government has launched a major infrastructure project to improve transportation in the capital city.,politics,2024-01-07
Farmers report increased crop yields this season,Agricultural experts report higher crop yields due to improved farming techniques and favorable weather.,agriculture,2024-01-08
International agreement signed to combat climate change,Leaders from multiple countries have signed an agreement to reduce carbon emissions.,environment,2024-01-09
Medical team successfully performs complex surgery,"Doctors have successfully completed a complex surgical procedure, improving patient recovery outcomes.",health,2024-01-10
Government passes new education reform law,The government has officially passed a new education reform law aimed at improving access to quality education across the country.,politics,2024-01-01
Scientists discover new species in the Amazon,"Researchers have identified a previously unknown species in the Amazon rainforest, highlighting the region's biodiversity.",science,2024-01-02
Economic growth increases by 3 percent,Recent reports show that the country's economy has grown by 3 percent in the last quarter due to increased exports.,economy,2024-01-03
New technology improves renewable energy efficiency,Engineers have developed new technology that significantly improves the efficiency of solar panels.,technology,2024-01-04
Health officials announce vaccination success,Health authorities report a significant increase in vaccination rates leading to reduced infection cases.,health,2024-01-05
University researchers publish breakthrough study,A team of university researchers has published a groundbreaking study in the field of artificial intelligence.,education,2024-01-06
New infrastructure project launched in capital,The government has launched a major infrastructure project to improve transportation in the capital city.,politics,2024-01-07
Farmers report increased crop yields this season,Agricultural experts report higher crop yields due to improved farming techniques and favorable weather.,agriculture,2024-01-08
International agreement signed to combat climate change,Leaders from multiple countries have signed an agreement to reduce carbon emissions.,environment,2024-01-09
Medical team successfully performs complex surgery,"Doctors have successfully completed a complex surgical procedure, improving patient recovery outcomes.",health,2024-01-10
Government passes new education reform law,The government has officially passed a new education reform law aimed at improving access to quality education across the country.,politics,2024-01-01
Scientists discover new species in the Amazon,"Researchers have identified a previously unknown species in the Amazon rainforest, highlighting the region's biodiversity.",science,2024-01-02
Economic growth increases by 3 percent,Recent reports show that the country's economy has grown by 3 percent in the last quarter due to increased exports.,economy,2024-01-03
New technology improves renewable energy efficiency,Engineers have developed new technology that significantly improves the efficiency of solar panels.,technology,2024-01-04
Health officials announce vaccination success,Health authorities report a significant increase in vaccination rates leading to reduced infection cases.,health,2024-01-05
University researchers publish breakthrough study,A team of university researchers has published a groundbreaking study in the field of artificial intelligence.,education,2024-01-06
New infrastructure project launched in capital,The government has launched a major infrastructure project to improve transportation in the capital city.,politics,2024-01-07
Farmers report increased crop yields this season,Agricultural experts report higher crop yields due to improved farming techniques and favorable weather.,agriculture,2024-01-08
International agreement signed to combat climate change,Leaders from multiple countries have signed an agreement to reduce carbon emissions.,environment,2024-01-09
Medical team successfully performs complex surgery,"Doctors have successfully completed a complex surgical procedure, improving patient recovery outcomes.",health,2024-01-10
Government passes new education reform law,The government has officially passed a new education reform law aimed at improving access to quality education across the country.,politics,2024-01-01
Scientists discover new species in the Amazon,"Researchers have identified a previously unknown species in the Amazon rainforest, highlighting the region's biodiversity.",science,2024-01-02
Economic growth increases by 3 percent,Recent reports show that the country's economy has grown by 3 percent in the last quarter due to increased exports.,economy,2024-01-03
New technology improves renewable energy efficiency,Engineers have developed new technology that significantly improves the efficiency of solar panels.,technology,2024-01-04
Health officials announce vaccination success,Health authorities report a significant increase in vaccination rates leading to reduced infection cases.,health,2024-01-05
University researchers publish breakthrough study,A team of university researchers has published a groundbreaking study in the field of artificial intelligence.,education,2024-01-06
New infrastructure project launched in capital,The government has launched a major infrastructure project to improve transportation in the capital city.,politics,2024-01-07
Farmers report increased crop yields this season,Agricultural experts report higher crop yields due to improved farming techniques and favorable weather.,agriculture,2024-01-08
International agreement signed to combat climate change,Leaders from multiple countries have signed an agreement to reduce carbon emissions.,environment,2024-01-09
Medical team successfully performs complex surgery,"Doctors have successfully completed a complex surgical procedure, improving patient recovery outcomes.",health,2024-01-10
Government passes new education reform law,The government has officially passed a new education reform law aimed at improving access to quality education across the country.,politics,2024-01-01
Scientists discover new species in the Amazon,"Researchers have identified a previously unknown species in the Amazon rainforest, highlighting the region's biodiversity.",science,2024-01-02
Economic growth increases by 3 percent,Recent reports show that the country's economy has grown by 3 percent in the last quarter due to increased exports.,economy,2024-01-03
New technology improves renewable energy efficiency,Engineers have developed new technology that significantly improves the efficiency of solar panels.,technology,2024-01-04
Health officials announce vaccination success,Health authorities report a significant increase in vaccination rates leading to reduced infection cases.,health,2024-01-05
University researchers publish breakthrough study,A team of university researchers has published a groundbreaking study in the field of artificial intelligence.,education,2024-01-06
New infrastructure project launched in capital,The government has launched a major infrastructure project to improve transportation in the capital city.,politics,2024-01-07
Farmers report increased crop yields this season,Agricultural experts report higher crop yields due to improved farming techniques and favorable weather.,agriculture,2024-01-08
International agreement signed to combat climate change,Leaders from multiple countries have signed an agreement to reduce carbon emissions.,environment,2024-01-09
Medical team successfully performs complex surgery,"Doctors have successfully completed a complex surgical procedure, improving patient recovery outcomes.",health,2024-01-10
Government passes new education reform law,The government has officially passed a new education reform law aimed at improving access to quality education across the country.,politics,2024-01-01
Scientists discover new species in the Amazon,"Researchers have identified a previously unknown species in the Amazon rainforest, highlighting the region's biodiversity.",science,2024-01-02
Economic growth increases by 3 percent,Recent reports show that the country's economy has grown by 3 percent in the last quarter due to increased exports.,economy,2024-01-03
New technology improves renewable energy efficiency,Engineers have developed new technology that significantly improves the efficiency of solar panels.,technology,2024-01-04
Health officials announce vaccination success,Health authorities report a significant increase in vaccination rates leading to reduced infection cases.,health,2024-01-05
University researchers publish breakthrough study,A team of university researchers has published a groundbreaking study in the field of artificial intelligence.,education,2024-01-06
New infrastructure project launched in capital,The government has launched a major infrastructure project to improve transportation in the capital city.,politics,2024-01-07
Farmers report increased crop yields this season,Agricultural experts report higher crop yields due to improved farming techniques and favorable weather.,agriculture,2024-01-08
International agreement signed to combat climate change,Leaders from multiple countries have signed an agreement to reduce carbon emissions.,environment,2024-01-09
Medical team successfully performs complex surgery,"Doctors have successfully completed a complex surgical procedure, improving patient recovery outcomes.",health,2024-01-10
Government passes new education reform law,The government has officially passed a new education reform law aimed at improving access to quality education across the country.,politics,2024-01-01
Scientists discover new species in the Amazon,"Researchers have identified a previously unknown species in the Amazon rainforest, highlighting the region's biodiversity.",science,2024-01-02
Economic growth increases by 3 percent,Recent reports show that the country's economy has grown by 3 percent in the last quarter due to increased exports.,economy,2024-01-03
New technology improves renewable energy efficiency,Engineers have developed new technology that significantly improves the efficiency of solar panels.,technology,2024-01-04
Health officials announce vaccination success,Health authorities report a significant increase in vaccination rates leading to reduced infection cases.,health,2024-01-05
University researchers publish breakthrough study,A team of university researchers has published a groundbreaking study in the field of artificial intelligence.,education,2024-01-06
New infrastructure project launched in capital,The government has launched a major infrastructure project to improve transportation in the capital city.,politics,2024-01-07
Farmers report increased crop yields this season,Agricultural experts report higher crop yields due to improved farming techniques and favorable weather.,agriculture,2024-01-08
International agreement signed to combat climate change,Leaders from multiple countries have signed an agreement to reduce carbon emissions.,environment,2024-01-09
Medical team successfully performs complex surgery,"Doctors have successfully completed a complex surgical procedure, improving patient recovery outcomes.",health,2024-01-10
Government passes new education reform law,The government has officially passed a new education reform law aimed at improving access to quality education across the country.,politics,2024-01-01
Scientists discover new species in the Amazon,"Researchers have identified a previously unknown species in the Amazon rainforest, highlighting the region's biodiversity.",science,2024-01-02
Economic growth increases by 3 percent,Recent reports show that the country's economy has grown by 3 percent in the last quarter due to increased exports.,economy,2024-01-03
New technology improves renewable energy efficiency,Engineers have developed new technology that significantly improves the efficiency of solar panels.,technology,2024-01-04
Health officials announce vaccination success,Health authorities report a significant increase in vaccination rates leading to reduced infection cases.,health,2024-01-05
University researchers publish breakthrough study,A team of university researchers has published a groundbreaking study in the field of artificial intelligence.,education,2024-01-06
New infrastructure project launched in capital,The government has launched a major infrastructure project to improve transportation in the capital city.,politics,2024-01-07
Farmers report increased crop yields this season,Agricultural experts report higher crop yields due to improved farming techniques and favorable weather.,agriculture,2024-01-08
International agreement signed to combat climate change,Leaders from multiple countries have signed an agreement to reduce carbon emissions.,environment,2024-01-09
Medical team successfully performs complex surgery,"Doctors have successfully completed a complex surgical procedure, improving patient recovery outcomes.",health,2024-01-10
Government passes new education reform law,The government has officially passed a new education reform law aimed at improving access to quality education across the country.,politics,2024-01-01
Scientists discover new species in the Amazon,"Researchers have identified a previously unknown species in the Amazon rainforest, highlighting the region's biodiversity.",science,2024-01-02
Economic growth increases by 3 percent,Recent reports show that the country's economy has grown by 3 percent in the last quarter due to increased exports.,economy,2024-01-03
New technology improves renewable energy efficiency,Engineers have developed new technology that significantly improves the efficiency of solar panels.,technology,2024-01-04
Health officials announce vaccination success,Health authorities report a significant increase in vaccination rates leading to reduced infection cases.,health,2024-01-05
University researchers publish breakthrough study,A team of university researchers has published a groundbreaking study in the field of artificial intelligence.,education,2024-01-06
New infrastructure project launched in capital,The government has launched a major infrastructure project to improve transportation in the capital city.,politics,2024-01-07
Farmers report increased crop yields this season,Agricultural experts report higher crop yields due to improved farming techniques and favorable weather.,agriculture,2024-01-08
International agreement signed to combat climate change,Leaders from multiple countries have signed an agreement to reduce carbon emissions.,environment,2024-01-09
Medical team successfully performs complex surgery,"Doctors have successfully completed a complex surgical procedure, improving patient recovery outcomes.",health,2024-01-10
Government passes new education reform law,The government has officially passed a new education reform law aimed at improving access to quality education across the country.,politics,2024-01-01
Scientists discover new species in the Amazon,"Researchers have identified a previously unknown species in the Amazon rainforest, highlighting the region's biodiversity.",science,2024-01-02
Economic growth increases by 3 percent,Recent reports show that the country's economy has grown by 3 percent in the last quarter due to increased exports.,economy,2024-01-03
New technology improves renewable energy efficiency,Engineers have developed new technology that significantly improves the efficiency of solar panels.,technology,2024-01-04
Health officials announce vaccination success,Health authorities report a significant increase in vaccination rates leading to reduced infection cases.,health,2024-01-05
University researchers publish breakthrough study,A team of university researchers has published a groundbreaking study in the field of artificial intelligence.,education,2024-01-06
New infrastructure project launched in capital,The government has launched a major infrastructure project to improve transportation in the capital city.,politics,2024-01-07
Farmers report increased crop yields this season,Agricultural experts report higher crop yields due to improved farming techniques and favorable weather.,agriculture,2024-01-08
International agreement signed to combat climate change,Leaders from multiple countries have signed an agreement to reduce carbon emissions.,environment,2024-01-09
Medical team successfully performs complex surgery,"Doctors have successfully completed a complex surgical procedure, improving patient recovery outcomes.",health,2024-01-10
Government passes new education reform law,The government has officially passed a new education reform law aimed at improving access to quality education across the country.,politics,2024-01-01
Scientists discover new species in the Amazon,"Researchers have identified a previously unknown species in the Amazon rainforest, highlighting the region's biodiversity.",science,2024-01-02
Economic growth increases by 3 percent,Recent reports show that the country's economy has grown by 3 percent in the last quarter due to increased exports.,economy,2024-01-03
New technology improves renewable energy efficiency,Engineers have developed new technology that significantly improves the efficiency of solar panels.,technology,2024-01-04
Health officials announce vaccination success,Health authorities report a significant increase in vaccination rates leading to reduced infection cases.,health,2024-01-05
University researchers publish breakthrough study,A team of university researchers has published a groundbreaking study in the field of artificial intelligence.,education,2024-01-06
New infrastructure project launched in capital,The government has launched a major infrastructure project to improve transportation in the capital city.,politics,2024-01-07
Farmers report increased crop yields this season,Agricultural experts report higher crop yields due to improved farming techniques and favorable weather.,agriculture,2024-01-08
International agreement signed to combat climate change,Leaders from multiple countries have signed an agreement to reduce carbon emissions.,environment,2024-01-09
Medical team successfully performs complex surgery,"Doctors have successfully completed a complex surgical procedure, improving patient recovery outcomes.",health,2024-01-10
Government passes new education reform law,The government has officially passed a new education reform law aimed at improving access to quality education across the country.,politics,2024-01-01
Scientists discover new species in the Amazon,"Researchers have identified a previously unknown species in the Amazon rainforest, highlighting the region's biodiversity.",science,2024-01-02
Economic growth increases by 3 percent,Recent reports show that the country's economy has grown by 3 percent in the last quarter due to increased exports.,economy,2024-01-03
New technology improves renewable energy efficiency,Engineers have developed new technology that significantly improves the efficiency of solar panels.,technology,2024-01-04
Health officials announce vaccination success,Health authorities report a significant increase in vaccination rates leading to reduced infection cases.,health,2024-01-05
University researchers publish breakthrough study,A team of university researchers has published a groundbreaking study in the field of artificial intelligence.,education,2024-01-06
New infrastructure project launched in capital,The government has launched a major infrastructure project to improve transportation in the capital city.,politics,2024-01-07
Farmers report increased crop yields this season,Agricultural experts report higher crop yields due to improved farming techniques and favorable weather.,agriculture,2024-01-08
International agreement signed to combat climate change,Leaders from multiple countries have signed an agreement to reduce carbon emissions.,environment,2024-01-09
Medical team successfully performs complex surgery,"Doctors have successfully completed a complex surgical procedure, improving patient recovery outcomes.",health,2024-01-10
Government passes new education reform law,The government has officially passed a new education reform law aimed at improving access to quality education across the country.,politics,2024-01-01
Scientists discover new species in the Amazon,"Researchers have identified a previously unknown species in the Amazon rainforest, highlighting the region's biodiversity.",science,2024-01-02
Economic growth increases by 3 percent,Recent reports show that the country's economy has grown by 3 percent in the last quarter due to increased exports.,economy,2024-01-03
New technology improves renewable energy efficiency,Engineers have developed new technology that significantly improves the efficiency of solar panels.,technology,2024-01-04
Health officials announce vaccination success,Health authorities report a significant increase in vaccination rates leading to reduced infection cases.,health,2024-01-05
University researchers publish breakthrough study,A team of university researchers has published a groundbreaking study in the field of artificial intelligence.,education,2024-01-06
New infrastructure project launched in capital,The government has launched a major infrastructure project to improve transportation in the capital city.,politics,2024-01-07
Farmers report increased crop yields this season,Agricultural experts report higher crop yields due to improved farming techniques and favorable weather.,agriculture,2024-01-08
International agreement signed to combat climate change,Leaders from multiple countries have signed an agreement to reduce carbon emissions.,environment,2024-01-09
Medical team successfully performs complex surgery,"Doctors have successfully completed a complex surgical procedure, improving patient recovery outcomes.",health,2024-01-10
